Month,Sunscreen (Thailand)
2009-01,15
2009-02,26
2009-03,27
2009-04,32
2009-05,14
2009-06,24
2009-07,23
2009-08,16
2009-09,25
2009-10,17
2009-11,22
2009-12,20
2010-01,19
2010-02,30
2010-03,49
2010-04,45
2010-05,42
2010-06,35
2010-07,32
2010-08,24
2010-09,24
2010-10,22
2010-11,21
2010-12,20
2011-01,17
2011-02,27
2011-03,24
2011-04,31
2011-05,25
2011-06,23
2011-07,25
2011-08,25
2011-09,13
2011-10,23
2011-11,29
2011-12,19
2012-01,27
2012-02,28
2012-03,35
2012-04,41
2012-05,44
2012-06,28
2012-07,29
2012-08,28
2012-09,26
2012-10,31
2012-11,31
2012-12,24
2013-01,28
2013-02,21
2013-03,31
2013-04,52
2013-05,46
2013-06,34
2013-07,35
2013-08,31
2013-09,30
2013-10,29
2013-11,37
2013-12,24
2014-01,33
2014-02,37
2014-03,47
2014-04,61
2014-05,46
2014-06,40
2014-07,43
2014-08,43
2014-09,34
2014-10,42
2014-11,41
2014-12,36
2015-01,34
2015-02,46
2015-03,65
2015-04,88
2015-05,63
2015-06,68
2015-07,55
2015-08,59
2015-09,63
2015-10,51
2015-11,50
2015-12,48
2016-01,42
2016-02,42
2016-03,55
2016-04,78
2016-05,60
2016-06,45
2016-07,49
2016-08,42
2016-09,40
2016-10,34
2016-11,42
2016-12,41
2017-01,50
2017-02,61
2017-03,75
2017-04,89
2017-05,79
2017-06,62
2017-07,68
2017-08,69
2017-09,48
2017-10,49
2017-11,61
2017-12,59
2018-01,57
2018-02,67
2018-03,78
2018-04,87
2018-05,71
2018-06,62
2018-07,61
2018-08,57
2018-09,58
2018-10,60
2018-11,56
2018-12,43
2019-01,48
2019-02,53
2019-03,66
2019-04,100
2019-05,66
2019-06,56
2019-07,56
2019-08,47
2019-09,45
2019-10,53
2019-11,52
2019-12,43
2020-01,54
2020-02,51
2020-03,47
2020-04,45
2020-05,53
2020-06,67
2020-07,47
2020-08,44
2020-09,46
2020-10,38
2020-11,49
2020-12,45
2021-01,40
2021-02,48
2021-03,60
2021-04,52
2021-05,48
2021-06,42
2021-07,33
2021-08,30
2021-09,31
2021-10,28
2021-11,24
2021-12,31
